james smith,jamessmith@gmail.com,james12,Cloud
dev rai,devrai@gmail.com,devrai,Product & Project Management
soham sh,sohamsh@gmail.com,sohamsh,Software Development
maya jane,mayajane@gmail.com,maya123,Enterprise Technology
yukti,yukti34@hotmail.com,yukti34,Cyber & Networking
tarun shiv,tarunshiv@yahoo.com,tarun1111,Professional Skills
mahima k,mahima123@gmail.com,mahima123,SRE & DevOps
roham gs,rohamgs@gmail.com,rohamgs,SRE & DevOps
jay,jay22@gmail.com,jay22,Cyber & Networking
Renu,renu12@gmail.com,renu21,Professional Skills
savi,savi28@yahoo.com,savi28,Enterprise Technology
kavya,kavyag@gmail.com,kavya12,Cyber & Networking
navya,navyaak@gmail.com,aknavya,Enterprise Technology
Neha,akneha@yahoo.com,akneha-12,Cyber & Networking
Neha,nehadave@yahoo.com,akneha-12,Cyber & Networking
Neha,akneha@gmail.com,akneha-12,Cyber & Networking
navya,nav12@gmail.com,nav12-20,Enterprise Technology
neha,nehaa@gmail.com,nehaa12,Cyber & Networking
