Adam K,adamk@gmail.com,adam111,Adam.K@mthree.com,Cloud
lavie jame,laviej@yahoo.com,laviej,lavie.jame@mthree.com,Data
milton lewis,miltonl@hotmail.com,miltonl,milton.lewis@mthree.com,Cyber & Networking
alex,alex23@gmail.com,alex23,alex@mthree.com,Product & Project Management
smitha,smithads@yahoo.com,smithads,smitha@mthree.com,Banking and Financial Operations
joy,joymart@gmail.com,joymart,joy@mthree.com,Software Development
jane,janeks@gmail.com,janeks,jane@mthree.com,Professional Skills
anitha md,anitha11@gmail.com,anitha11,anitha.md@mthree.com,SRE & DevOps
ronit shukla,ronitsh@yahoo.com,ronit123,ronit.shukla@mthree.com,Cyber & Networking
glen watt,glenw@hotmail.com,glenw123,glen.watt@mthree.com,Professional Skills
maya,maya345@gmail.com,maya345,maya@mthree.com,data
harry,harry23@gmail.com,harry21,data
maya,maya12@gmail.com,maya123,maya@mthree.com,daa
